{
    "robot_root_name": "pelvis",
    "human_root_name": "pelvis",
    "ground_height": 0.0,
    "human_height_assumption": 1.6,
    "human_scale_table": {
        "pelvis": 1,
        "spine1": 1,
        "head": 1,
        "left_hip": 1,
        "right_hip": 1,
        "left_knee": 1,
        "right_knee": 1,
        "left_foot": 1,
        "right_foot": 1,
        "left_ankle": 1,
        "right_ankle": 1,
        "left_wrist": 1,
        "right_wrist": 1,
        "left_shoulder": 1.0,
        "right_shoulder": 1.0,
        "left_elbow": 1,
        "right_elbow": 1
    },
    "use_ik_match_table1": true,
    "use_ik_match_table2": true,
    "ik_match_table1": {
  "pelvis": ["pelvis", 100,10,[0,0.08,0],[-7.0725125e-01, 0, 7.07388213e-01, 0]],
  "lumbar1": ["spine1",100,10,[0,0.08,0],[-7.0725125e-01, 0, 7.07388213e-01, 0]],
  "head": ["head",100,10,[0,0.08,0],[-7.0725125e-01, 0, 7.07388213e-01, 0]],

  "humerus_l": ["left_shoulder",1,10,[0, 0, 0],[-0.5, -0.5, 0.5, -0.5]],
  "ulna_l":    ["left_elbow",40,10,[0,0,0],[-0.5, -0.5, 0.5, -0.5]],
  "lunate_l":  ["left_wrist",40,10,[0,0,0],[-0.5, -0.5, 0.5, -0.5]],

  "humerus_r": ["right_shoulder", 1, 10,[0, 0, 0],[-0.5, 0.5, 0.5, 0.5]],
  "ulna_r":    ["right_elbow",50,10,[0,0,0],[-0.5, 0.5, 0.5, 0.5]],
  "lunate_r":  ["right_wrist",50,10,[0,0,0],[-0.5, 0.5, 0.5, 0.5]],

  "femur_l": ["left_hip",0,10,[0,0,0],[-7.0725125e-01, 0, 7.07388213e-01, 0]],
  "tibia_l": ["left_knee",0,10,[0,0,0],[-7.0725125e-01, 0, 7.07388213e-01, 0]],
  "calcn_l": ["left_ankle",50,10,[0,-0.03,0],[-7.0725125e-01, 0, 7.07388213e-01, 0]],
  "toes_l":  ["left_foot",50,10,[0.02,0.0,0],[-7.0725125e-01, 0, 7.07388213e-01, 0]],

  "femur_r": ["right_hip",0,10,[0,0,0],[-7.0725125e-01, 0, 7.07388213e-01, 0]],
  "tibia_r": ["right_knee",0,10,[0,0,0],[-7.0725125e-01, 0, 7.07388213e-01, 0]],
  "calcn_r": ["right_ankle",50,10,[0,-0.03,0],[-7.0725125e-01, 0, 7.07388213e-01, 0]],
  "toes_r":  ["right_foot",50,10,[0.02,0.0,0],[-7.0725125e-01, 0, 7.07388213e-01, 0]]
},
    "ik_match_table2": {
  "pelvis": ["pelvis", 100,5,[0,0.08,0],[-7.0725125e-01, 0, 7.07388213e-01, 0]],
  "lumbar1": ["spine1",40,5,[0,0.08,0],[-7.0725125e-01, 0, 7.07388213e-01, 0]],
  "head": ["head",45,5,[0,0.08,0],[-7.0725125e-01, 0, 7.07388213e-01, 0]],

  "humerus_l": ["left_shoulder",0,5,[0,0,0],[-0.5, -0.5, 0.5, -0.5]],
  "ulna_l":    ["left_elbow",0,5,[0,0,0],[-0.5, -0.5, 0.5, -0.5]],
  "lunate_l":  ["left_wrist",0,5,[0,0,0],[-0.5, -0.5, 0.5, -0.5]],

  "humerus_r": ["right_shoulder",0,5,[0,0,0],[-0.5, 0.5, 0.50, 0.5]],
  "ulna_r":    ["right_elbow",40,5,[0,0,0],[-0.5, 0.5, 0.50, 0.5]],
  "lunate_r":  ["right_wrist",40,5,[0,0,0],[-0.5, 0.5, 0.50, 0.5]],

  "femur_l": ["left_hip",0,5,[0,0,0],[-7.0725125e-01, 0, 7.07388213e-01, 0]],
  "tibia_l": ["left_knee",0,5,[0,0,0],[-7.0725125e-01, 0, 7.07388213e-01, 0]],
  "calcn_l": ["left_ankle",50,5,[0,0,0],[-7.0725125e-01, 0, 7.07388213e-01, 0]],
  "toes_l":  ["left_foot",50,5,[0.02,0.0,0],[-7.0725125e-01, 0, 7.07388213e-01, 0]],

  "femur_r": ["right_hip",0,5,[0,0,0],[-7.0725125e-01, 0, 7.07388213e-01, 0]],
  "tibia_r": ["right_knee",0,5,[0,0,0],[-7.0725125e-01, 0, 7.07388213e-01, 0]],
  "calcn_r": ["right_ankle",50,5,[0,0,0],[-7.0725125e-01, 0, 7.07388213e-01, 0]],
  "toes_r":  ["right_foot",50,5,[0.02,0.0,0],[-7.0725125e-01, 0, 7.07388213e-01, 0]]
}
}